edit_id,action,category
1,block,2
10,block,16
11,block,7
12,block,57
13,block,63
14,block,14
15,block,65
16,block,66
17,block,67
18,block,26
19,block,61
2,block,7
20,block,86
21,block,88
22,block,90
23,block,91
24,,140
25,,141
26,block,26
27,,5
28,,1
29,,6
3,block,8
30,,3
31,,4
32,,62
33,,59
34,,24
35,,19
36,,75
37,,76
38,,72
39,,25
4,block,9
40,,17
41,,29
42,,89
43,,18
44,,77
45,,82
46,,71
47,,85
48,,54
49,,30
5,block,11
50,,28
51,,58
52,,20
53,,40
54,,33
55,,69
56,,34
57,,55
58,,35
59,,36
6,block,12
60,,70
61,block,61
62,,48
63,,80
64,,38
65,,78
66,,39
67,,79
68,,42
69,,37
7,block,13
70,,44
71,,46
72,block,72
73,,68
74,,23
75,,53
76,,49
77,,92
78,,31
79,,43
8,block,8
80,,51
81,,52
82,,50
83,,95
84,,93
85,,41
86,,81
87,,94
88,,56
89,,84
9,block,15
